Optimizer,lr,wd,Avg Epoch Time (s),Final Train MSE,Final Val MSE,Test MSE,Test RMSE,Test MAE,Test RÂ²,Dir Acc (%)
SGD,1e-05,0,0.28482439782884383,0.27959051728248596,0.24047693610191345,0.2442614148350515,0.49422810000550504,0.4750199191383834,-1129.991384246912,34.0
SGD,1e-05,0.0001,0.30460688802931046,0.2795904278755188,0.2404768168926239,0.2442612990582797,0.49422798287660696,0.47501978219671204,-1129.9908481715295,34.0
SGD,1e-05,0.0005,0.24796385235256618,0.27959033846855164,0.24047671258449554,0.2442612700988658,0.4942279535789794,0.4750197321288104,-1129.990714082207,34.0
SGD,1e-05,0.001,0.25009376662118094,0.27958986163139343,0.24047628045082092,0.2442607441218173,0.494227421458803,0.4750192429236884,-1129.9882786770465,34.0
SGD,1e-05,0.005,0.2486982988932776,0.2795878052711487,0.24047446250915527,0.2442592116793192,0.4942258711149379,0.47501760584486674,-1129.9811830853691,34.0
SGD,1e-05,0.01,0.2972165213690864,0.27958542108535767,0.24047230184078217,0.24425703328159723,0.4942236672616936,0.47501538825405787,-1129.9710965596007,34.0
SGD,1e-05,0.05,0.24948085678948295,0.27956199645996094,0.2404509037733078,0.244234932035099,0.494201307196874,0.47499331762267305,-1129.8687622658788,34.0
SGD,1e-05,0.1,0.24688670748756045,0.27953407168388367,0.24042551219463348,0.24420877137948863,0.49417483887738417,0.47496734657509276,-1129.7476318936442,34.0
SGD,5e-05,0,0.2471664897979252,0.22107598185539246,0.18527428805828094,0.18572993254581302,0.43096395736280896,0.410153142734878,-858.975995995628,35.0
SGD,5e-05,0.0001,0.24593119394211543,0.22107569873332977,0.18527406454086304,0.18572974721689828,0.4309637423460334,0.41015291087280986,-858.9751378764446,35.0
SGD,5e-05,0.0005,0.24889083514137875,0.2210748940706253,0.18527337908744812,0.18572908352989137,0.4309629723420463,0.41015221089076276,-858.9720648397672,35.0
SGD,5e-05,0.001,0.24657056823609366,0.22107350826263428,0.18527209758758545,0.1857278810241094,0.43096157720162176,0.4101507764304804,-858.9664969375267,35.0
SGD,5e-05,0.005,0.24676172317020476,0.22106418013572693,0.18526385724544525,0.18571941434333122,0.4309517540784945,0.4101412315289306,-858.9272940899557,35.0
SGD,5e-05,0.01,0.25480834264603874,0.22105224430561066,0.18525330722332,0.18570871371936984,0.4309393387930253,0.41012917604249,-858.8777475272512,35.0
SGD,5e-05,0.05,0.2500359709300692,0.22095723450183868,0.1851692795753479,0.1856237818224082,0.43084078477136795,0.41003298990380044,-858.4844916223993,35.0
SGD,5e-05,0.1,0.24538641884213402,0.22083865106105804,0.18506436049938202,0.18551768740006971,0.4307176423134647,0.40991286668878074,-857.9932479371757,35.0
SGD,0.0001,0,0.24514839762733096,0.15570765733718872,0.12522898614406586,0.12269559841352776,0.35027931485248703,0.3279491915704152,-567.111278584168,34.0
SGD,0.0001,0.0001,0.24619966839987134,0.1557072252035141,0.12522858381271362,0.12269521257655322,0.3502787640959029,0.3279486568422458,-567.1094920625669,34.0
SGD,0.0001,0.0005,0.24780620468987358,0.15570566058158875,0.12522724270820618,0.12269382197743628,0.35027677910109356,0.3279467513190052,-567.1030532411867,34.0
SGD,0.0001,0.001,0.24692163770160977,0.15570400655269623,0.12522588670253754,0.12269253905762101,0.35027494780189605,0.32794500564797135,-567.097113001879,34.0
SGD,0.0001,0.005,0.2482407774244036,0.15569020807743073,0.12521421909332275,0.12268104909728335,0.35025854607315915,0.32792936654402227,-567.0439116145211,34.0
SGD,0.0001,0.01,0.24469385449848477,0.15567293763160706,0.12519966065883636,0.12266674997680188,0.35023813324194425,0.32790989419086186,-566.9777031137729,34.0
SGD,0.0001,0.05,0.2567972569238572,0.15553534030914307,0.12508349120616913,0.1225524634763622,0.350074939800555,0.32775426433528126,-566.4485280599877,34.0
SGD,0.0001,0.1,0.2467626276470366,0.1553632766008377,0.12493821233510971,0.12240954980167525,0.34987076157014785,0.3275595378886378,-565.78680203637,34.0
SGD,0.0005,0,0.2461108480181013,0.009568953886628151,0.0076607405208051205,0.009062631038347018,0.09519785206792755,0.07553606567936336,-40.9622461857135,52.0
SGD,0.0005,0.0001,0.24538687675718276,0.009568871930241585,0.007660643197596073,0.00906250768886843,0.09519720420720575,0.07553558146613036,-40.96167504680633,52.0
SGD,0.0005,0.0005,0.24803551416548472,0.009568496607244015,0.007660272531211376,0.009062050672587824,0.09519480381085842,0.07553376737082694,-40.95955894723253,52.0
SGD,0.0005,0.001,0.24767510474674284,0.0095680458471179,0.007659814320504665,0.009061475460266435,0.09519178252489253,0.07553148374924754,-40.9568955704563,52.0
SGD,0.0005,0.005,0.24546749251229422,0.009564355947077274,0.00765608623623848,0.009056865126302707,0.09516756341476179,0.07551317897540835,-40.93554857222082,52.0
SGD,0.0005,0.01,0.24647644587925502,0.00955975241959095,0.007651432417333126,0.009051099448238108,0.09513726634835641,0.07549027145755795,-40.90885204211267,52.0
SGD,0.0005,0.05,0.25638764245169504,0.009523097425699234,0.007614376023411751,0.009005158951080866,0.0948955159693063,0.07530750722889173,-40.69613606112997,52.0
SGD,0.0005,0.1,0.24753595912267293,0.009477488696575165,0.007568328641355038,0.00894808523533018,0.09459431925507039,0.07507969389905306,-40.43187049620408,52.0
SGD,0.001,0,0.24595917595757377,0.007226862479001284,0.008084976114332676,0.011021531566710693,0.10498348235179995,0.08010371253617707,-50.032445102198764,64.0
SGD,0.001,0.0001,0.24522681084890213,0.007226696237921715,0.008084776811301708,0.011021264126023462,0.10498220861661971,0.08010275584437553,-50.03120678499152,64.0
SGD,0.001,0.0005,0.24744432691543822,0.007226050831377506,0.008084001019597054,0.011020237424773682,0.10497731862061291,0.08009905492678884,-50.02645290166336,64.0
SGD,0.001,0.001,0.24800809602888804,0.00722523545846343,0.008083009161055088,0.011018919722079279,0.10497104230252874,0.08009430002213123,-50.020351608934114,64.0
SGD,0.001,0.005,0.2446986720675514,0.007218735292553902,0.008075209334492683,0.011008573737287895,0.10492175054433611,0.08005695363298658,-49.972447114200435,64.0
SGD,0.001,0.01,0.2447556465391129,0.007210617884993553,0.008065460249781609,0.010995627240154245,0.10486003643025422,0.0800101814561211,-49.91250159753247,64.0
SGD,0.001,0.05,0.2481580310397678,0.007146013434976339,0.007987897843122482,0.010892654140623325,0.1043678788738342,0.07963725588076416,-49.43571041683242,64.0
SGD,0.001,0.1,0.2558510417029971,0.007066118530929089,0.007892027497291565,0.010765319238018316,0.10375605639199244,0.07917600868199214,-48.8461180006195,64.0
SGD,0.005,0,0.24626986185709634,0.0045702774077653885,0.005107389762997627,0.0072786507807626345,0.0853150091177551,0.06575362135547368,-32.701971830236424,65.0
SGD,0.005,0.0001,0.24482901512630403,0.004569833166897297,0.0051068468019366264,0.007277882260949268,0.0853105049859,0.06575018057956514,-32.69841339147061,65.0
SGD,0.005,0.0005,0.24748189108712332,0.004568058997392654,0.005104667507112026,0.00727477922184146,0.0852923163118546,0.06573628044112739,-32.68404554504558,65.0
SGD,0.005,0.001,0.24799114560324048,0.004565838258713484,0.00510193919762969,0.007270896441808751,0.08526955166886215,0.06571889728198914,-32.66606730330451,65.0
SGD,0.005,0.005,0.24660966509864443,0.004548122640699148,0.005080175120383501,0.007239928341556424,0.08508776846031646,0.06558000097175283,-32.522677261141986,65.0
SGD,0.005,0.01,0.24582386395287892,0.00452608335763216,0.005053109489381313,0.0072014099767269005,0.0848611217032093,0.06540681236780403,-32.344327607403635,65.0
SGD,0.005,0.05,0.24906640961056664,0.004353784490376711,0.00484175980091095,0.0069006977676212625,0.08307043859051945,0.06403841878906279,-30.95195494033298,66.0
SGD,0.005,0.1,0.2589855118403359,0.004148181062191725,0.004590119235217571,0.00654271149429336,0.08088702920922093,0.06236939884118657,-29.294389044851982,66.0
SGD,0.01,0,0.24760092629326713,0.0029834553133696318,0.0031882848124951124,0.004783657810847908,0.06916399215522415,0.05427261708147003,-21.149530956037246,67.0
SGD,0.01,0.0001,0.2461515154157366,0.00298294541426003,0.0031876699067652225,0.004782699119147572,0.06915706123851398,0.054267179992339744,-21.145091973916546,67.0
SGD,0.01,0.0005,0.24693876977950807,0.0029809155967086554,0.0031852456741034985,0.004778908099869291,0.06912964703995884,0.054245650484982116,-21.127538607396723,67.0
SGD,0.01,0.001,0.24860130794464597,0.0029783817008137703,0.003182218177244067,0.004774173702551439,0.0690953956682458,0.05421875947230606,-21.105617164831973,67.0
SGD,0.01,0.005,0.24498271185254294,0.002958181779831648,0.003158075734972954,0.00473644537292236,0.06882183790718147,0.05400395425170305,-20.93092557147765,67.0
SGD,0.01,0.01,0.24552166272723486,0.0029331534169614315,0.0031281670089811087,0.004689726997745802,0.06848158144892538,0.053736728514368816,-20.714607820897257,67.0
SGD,0.01,0.05,0.2467999609689864,0.002741315634921193,0.002899029990658164,0.004332724514931517,0.06582343439028016,0.051647215481671685,-19.06159712131389,67.0
SGD,0.01,0.1,0.2526109937637571,0.002521288814023137,0.0026366240344941616,0.0039257001868597844,0.06265540828100782,0.049151933418643844,-17.176972779238067,67.0
SGD,0.05,0,0.2479558369470021,0.23852436244487762,0.1456371545791626,0.16877653875725532,0.41082421880562897,0.3763173560130799,-780.4775466128137,31.0
SGD,0.05,0.0001,0.2482678663162958,0.2381056398153305,0.14550016820430756,0.16873918861756487,0.41077875872245984,0.37617278938754867,-780.3046061333735,31.0
SGD,0.05,0.0005,0.24610415337577699,0.23644733428955078,0.1449708789587021,0.16860161890830733,0.41061127469701475,0.3757100497399567,-779.6676240049898,31.0
SGD,0.05,0.001,0.24708289191836402,0.23441463708877563,0.14435705542564392,0.1684597646249461,0.41043850285389416,0.3751039615626557,-779.0108032279204,31.0
SGD,0.05,0.005,0.24520572405012828,0.2202105075120926,0.14251595735549927,0.1692570821078834,0.41140865584948916,0.3715125275836171,-782.7025823995118,31.0
SGD,0.05,0.01,0.24483606171986413,0.20908775925636292,0.15074321627616882,0.17640981603411787,0.42001168559233903,0.3839077633636377,-815.8215277304586,34.0
SGD,0.05,0.05,0.24591002767048184,0.09991095960140228,0.08283793926239014,0.09716617685276162,0.31171489674502506,0.28265184705725344,-448.90367772534216,35.0
SGD,0.05,0.1,0.2500805173601423,0.0065206256695091724,0.0037479016464203596,0.004394893048980487,0.06629398953887514,0.06119313801820976,-19.349452968002268,32.0
SGD+Mom,1e-05,0,0.25027292872232104,0.1720322221517563,0.13975553214550018,0.1379245920122598,0.37138200281147143,0.3491547684387408,-637.62532421249,35.0
SGD+Mom,1e-05,0.0001,0.24586481139773414,0.17203177511692047,0.13975515961647034,0.13792418540466916,0.3713814553860615,0.349154221566125,-637.6234415177464,35.0
SGD+Mom,1e-05,0.0005,0.24918728404574925,0.17203053832054138,0.13975408673286438,0.13792304561702648,0.3713799208587164,0.3491527611778222,-637.6181640161622,35.0
SGD+Mom,1e-05,0.001,0.24832195327395484,0.1720288246870041,0.13975262641906738,0.13792162788393525,0.37137801211694704,0.3491509228588186,-637.6115995577012,35.0
SGD+Mom,1e-05,0.005,0.24617107709248862,0.17201483249664307,0.13974057137966156,0.13790966113518419,0.3713619004895147,0.34913532384830637,-637.5561905208541,35.0
SGD+Mom,1e-05,0.01,0.24458675157456172,0.17199769616127014,0.13972578942775726,0.1378949117565021,0.37134204146110644,0.3491161434461467,-637.4878972121311,35.0
SGD+Mom,1e-05,0.05,0.24637902729094974,0.17185921967029572,0.13960663974285126,0.13777627775808224,0.37118227026365663,0.3489617912394099,-636.938592156389,35.0
SGD+Mom,1e-05,0.1,0.2494838729737297,0.17168642580509186,0.13945797085762024,0.13762827342131756,0.3709828478802188,0.3487691229038976,-636.2532950953486,35.0
SGD+Mom,5e-05,0,0.2533073614514063,0.007972446270287037,0.008263428695499897,0.01113997167021488,0.10554606420996891,0.0812472791538281,-50.58085237603285,63.0
SGD+Mom,5e-05,0.0001,0.24637299870687818,0.007972358725965023,0.008263340219855309,0.01113985617525981,0.10554551707798777,0.08124685869893856,-50.580317605532166,63.0
SGD+Mom,5e-05,0.0005,0.2489136287144252,0.007972044870257378,0.00826300960034132,0.011139423923507,0.10554346935508137,0.08124529526910611,-50.57831617190999,63.0
SGD+Mom,5e-05,0.001,0.248491574847509,0.00797163974493742,0.008262557908892632,0.011138836805200421,0.10554068791324235,0.08124318926936812,-50.57559766744736,63.0
SGD+Mom,5e-05,0.005,0.2451432432447161,0.007968438789248466,0.008259059861302376,0.011134277145477095,0.10551908427141081,0.08122677710307162,-50.554485303606924,63.0
SGD+Mom,5e-05,0.01,0.24484614341978042,0.007964419201016426,0.008254696615040302,0.011128584753109521,0.10549210753942459,0.08120627189454954,-50.52812810458788,63.0
SGD+Mom,5e-05,0.05,0.24486481575738817,0.007932453416287899,0.008219866082072258,0.011083157981563181,0.10527657850425792,0.08104250361553259,-50.31779080154819,63.0
SGD+Mom,5e-05,0.1,0.2494102924589127,0.007892654277384281,0.008176535367965698,0.011026639113515773,0.10500780501236931,0.08083828549417067,-50.05609432012818,63.0
SGD+Mom,0.0001,0,0.24677671704973494,0.007633659522980452,0.009355234913527966,0.012893673721725426,0.11355031361350539,0.0873117139072971,-58.700931071777546,66.0
SGD+Mom,0.0001,0.0001,0.2503814621577187,0.007633518427610397,0.009355060756206512,0.012893442897050068,0.11354929721072723,0.08731096107269391,-58.699862295854516,66.0
SGD+Mom,0.0001,0.0005,0.24541799984281026,0.0076329708099365234,0.009354418143630028,0.012892600832439316,0.11354558922494222,0.08730825098453775,-58.69596332630019,66.0
SGD+Mom,0.0001,0.001,0.2511854550195119,0.007632281631231308,0.009353596717119217,0.012891519269918971,0.11354082644546397,0.08730474862492396,-58.690955421581144,66.0
SGD+Mom,0.0001,0.005,0.2457547869001116,0.007626777049154043,0.00934707373380661,0.012882963423728556,0.11350314279229698,0.08727710407798864,-58.65133971587161,66.0
SGD+Mom,0.0001,0.01,0.24501347163366893,0.007619908545166254,0.009338932111859322,0.012872278574141988,0.11345606451019702,0.08724255082652657,-58.601866192464136,66.0
SGD+Mom,0.0001,0.05,0.2452701727549235,0.007565205451101065,0.009274076670408249,0.012787166493846534,0.11308035414627306,0.08696681766585666,-58.207775993754304,66.0
SGD+Mom,0.0001,0.1,0.25063586235046387,0.007497490383684635,0.009193778038024902,0.012681693618804899,0.1126130259730414,0.08662366956985774,-57.71941022782113,66.0
SGD+Mom,0.0005,0,0.24639881224859328,0.005415533669292927,0.005066968500614166,0.006733538911415894,0.08205814348019272,0.06286073040183483,-30.17796766814548,59.0
SGD+Mom,0.0005,0.0001,0.2584980480254643,0.005415108520537615,0.005066426005214453,0.0067327646022904315,0.0820534252928568,0.06285717276822625,-30.174382423418095,59.0
SGD+Mom,0.0005,0.0005,0.24670567209758457,0.005413398612290621,0.005064238328486681,0.006729654997794074,0.08203447444699133,0.06284290294129251,-30.159984177603576,59.0
SGD+Mom,0.0005,0.001,0.2559109982990083,0.00541126960888505,0.005061511881649494,0.006725767564602036,0.08201077712472939,0.0628250625330381,-30.14198439057213,59.0
SGD+Mom,0.0005,0.005,0.24551743174356128,0.005394222214818001,0.005039727780967951,0.006694764163211857,0.08182153850430739,0.06268251255703008,-29.998430895320663,59.0
SGD+Mom,0.0005,0.01,0.24609640287974524,0.0053729768842458725,0.005012660287320614,0.00665627954997588,0.08158602545764734,0.06250646711179654,-29.82023751989394,59.0
SGD+Mom,0.0005,0.05,0.24552408854166666,0.005205044988542795,0.0048021916300058365,0.006358138657080145,0.07973793737663487,0.06113756431968888,-28.439770689369503,59.0
SGD+Mom,0.0005,0.1,0.25022022686307394,0.004999908618628979,0.004553487524390221,0.006008754311395884,0.0775161551639133,0.05949048543357932,-26.82203386824085,56.99999999999999
SGD+Mom,0.001,0,0.2451443255893768,0.0037344975862652063,0.0031267020385712385,0.00421289481100604,0.06490681636782103,0.048965650139451415,-18.506755650309994,57.99999999999999
SGD+Mom,0.001,0.0001,0.2528325489589146,0.00373394344933331,0.0031260706018656492,0.004211941932615282,0.06489947559584193,0.048960160467848575,-18.502343585265212,57.99999999999999
SGD+Mom,0.001,0.0005,0.2451850346156529,0.0037317159585654736,0.0031235392671078444,0.004208120041261832,0.06487002421197198,0.04893809263479702,-18.484647273323358,57.99999999999999
SGD+Mom,0.001,0.001,0.24836761232406374,0.0037289317697286606,0.0031203790567815304,0.004203357151695768,0.06483330279798931,0.0489105829480271,-18.46259390453003,57.99999999999999
SGD+Mom,0.001,0.005,0.24849210466657365,0.003706591669470072,0.0030952710658311844,0.004165582416164161,0.06454132332207142,0.04869700318976069,-18.28768744025157,57.99999999999999
SGD+Mom,0.001,0.01,0.24582537393721324,0.0036785106640309095,0.003064277581870556,0.0041191822728672365,0.0641808559686394,0.04843329129146408,-18.07284318279043,57.99999999999999
SGD+Mom,0.001,0.05,0.24557760783604213,0.0034479228779673576,0.0028305365703999996,0.0037782735632137816,0.06146766274402974,0.046425755219412924,-16.494350674290224,57.99999999999999
SGD+Mom,0.001,0.1,0.2489409257495214,0.0031487506348639727,0.002568010240793228,0.0034169667317150844,0.05845482641933927,0.044167157574435664,-14.821409764771106,57.99999999999999
SGD+Mom,0.005,0,0.24615397528996544,0.001370985759422183,0.0007739720749668777,0.001022268190854561,0.03197292903151916,0.02292247566590696,-3.7333571576458215,56.00000000000001
SGD+Mom,0.005,0.0001,0.2504036956363254,0.0013680546544492245,0.0007735674735158682,0.0010214069951543009,0.031959458617978824,0.022912848540215337,-3.7293696063667854,56.00000000000001
SGD+Mom,0.005,0.0005,0.24500848755003915,0.0013563127722591162,0.0007718770648352802,0.0010180359319130992,0.031906675350357315,0.02287530048597283,-3.7137607412329894,56.99999999999999
SGD+Mom,0.005,0.001,0.24844877682034933,0.0013416209258139133,0.0007696057436987758,0.0010139759228342021,0.031842988597714915,0.02283036505621304,-3.6949618847238774,56.99999999999999
SGD+Mom,0.005,0.005,0.24755726920233834,0.0012272491585463285,0.0007456582970917225,0.00098748673939821,0.03142430173286608,0.022550231183046988,-3.5723103465672095,57.99999999999999
SGD+Mom,0.005,0.01,0.24574683582971965,0.0011084122816100717,0.000706962076947093,0.0009712181026057696,0.03116437232812125,0.02245157985505481,-3.4969824931765396,57.99999999999999
SGD+Mom,0.005,0.05,0.24613926145765516,0.0012231160653755069,0.0012229871936142445,0.0018963344704507005,0.04354692262893786,0.038581481907191344,-7.7805024349773095,67.0
SGD+Mom,0.005,0.1,0.24947957387046207,0.0009014323586598039,0.0004339517909102142,0.0004963382881709738,0.02227865095042727,0.01653153044813996,-1.29817029420022,64.0
SGD+Mom,0.01,0,0.24683217018369644,0.0007853993447497487,0.0005814702017232776,0.0009152700125034212,0.030253429764299802,0.020716798312706165,-3.2379288562623483,57.99999999999999
SGD+Mom,0.01,0.0001,0.24533390620398143,0.0007892008288763463,0.0005787575501017272,0.0009163153477785315,0.030270701144481795,0.020740065193353367,-3.242769019783866,57.99999999999999
SGD+Mom,0.01,0.0005,0.26106068066188265,0.0008059862884692848,0.0005690370453521609,0.000922187793290068,0.03036754506525129,0.0208490392384959,-3.2699599098493,60.0
SGD+Mom,0.01,0.001,0.2481299771202935,0.0008301135967485607,0.0005597678828053176,0.0009336183904474207,0.03055516961902553,0.021087798202360772,-3.3228864308493256,60.0
SGD+Mom,0.01,0.005,0.24768570869688003,0.0010566373821347952,0.000639135017991066,0.0012087499880553516,0.034767081960603935,0.026809681953297772,-4.596814474862297,67.0
SGD+Mom,0.01,0.01,0.2449608984447661,0.0010608831653371453,0.0010010538389906287,0.0017745429437307635,0.04212532425668393,0.03665148476294707,-7.216577234234718,66.0
SGD+Mom,0.01,0.05,0.24785606444828093,0.0008451709873043001,0.0005946548189967871,0.0008501322807639955,0.029157027982357794,0.023938623452025354,-2.9363248823542047,66.0
SGD+Mom,0.01,0.1,0.24682876798841688,0.0006708897999487817,0.0004864429065492004,0.0004946217946284907,0.022240094303498145,0.01800995881802936,-1.2902225001985568,65.0
SGD+Mom,0.05,0,0.2466348958393884,0.5341103076934814,0.49413570761680603,0.5897901818065916,0.7679779826313978,0.6741886525296631,-2729.8759125428337,34.0
SGD+Mom,0.05,0.0001,0.24594397771926152,0.030002113431692123,0.06027402728796005,0.05791360932566847,0.2406524658624309,0.2346736674048125,-267.1544820421364,33.0
SGD+Mom,0.05,0.0005,0.25396414787050275,0.02501203492283821,0.043467771261930466,0.042045030969472326,0.20504885020275615,0.1952748188171129,-193.67899917381465,67.0
SGD+Mom,0.05,0.001,0.24704566456022717,0.023567965254187584,0.016832612454891205,0.021731529212748277,0.1474161769031753,0.1360242358166343,-99.62241030875012,33.0
SGD+Mom,0.05,0.005,0.24898862838745117,0.0028908001258969307,0.000678562733810395,0.000901342323841676,0.030022363728422118,0.026849188475322566,-3.173440177649131,34.0
SGD+Mom,0.05,0.01,0.24535398634653244,0.0007367324433289468,0.0014251635875552893,0.0014290526557225159,0.037802812801728335,0.030406705291475197,-5.616870873153571,37.0
SGD+Mom,0.05,0.05,0.24823761743212502,0.00043212069431319833,0.0002938338730018586,0.00023139284325145951,0.015211602257864209,0.010956995768684964,-0.07140668234695946,56.00000000000001
SGD+Mom,0.05,0.1,0.2480691879514664,0.000450959982117638,0.0004055043391417712,0.0002435143684483683,0.0156049469223182,0.011262584478466002,-0.12753237281220775,70.0
Nesterov,1e-05,0,0.2515867891765776,0.1703241914510727,0.13822905719280243,0.13632074928440086,0.3692163989917036,0.34695118549439236,-630.1991316305774,35.0
Nesterov,1e-05,0.0001,0.24853098960149855,0.17032377421855927,0.13822868466377258,0.13632038279751435,0.3692159026877287,0.34695069208900553,-630.1974347047188,35.0
Nesterov,1e-05,0.0005,0.2535648459479922,0.1703222393989563,0.13822737336158752,0.1363189770708183,0.3692139990179385,0.34694888978424593,-630.1909258388675,35.0
Nesterov,1e-05,0.001,0.24902880381024073,0.17032065987586975,0.13822601735591888,0.13631769659356766,0.36921226495549636,0.34694719880978686,-630.1849969092444,35.0
Nesterov,1e-05,0.005,0.24839084867447142,0.17030668258666992,0.13821397721767426,0.13630574197007964,0.36919607523655995,0.34693154297928436,-630.129644015395,35.0
Nesterov,1e-05,0.01,0.2451050319368877,0.17028941214084625,0.13819913566112518,0.13629091814132333,0.369175998869541,0.3469122179613553,-630.0610059842255,35.0
Nesterov,1e-05,0.05,0.24584749009874132,0.17015092074871063,0.13808023929595947,0.1361726805654176,0.3690158269849921,0.34675759259770733,-629.5135364637779,35.0
Nesterov,1e-05,0.1,0.2512092590332031,0.16997796297073364,0.1379317045211792,0.13602505847363505,0.36881575139035894,0.3465644279277988,-628.8300092925163,35.0
Nesterov,5e-05,0,0.24772725786481584,0.008068019524216652,0.00806659460067749,0.010735423343139469,0.10361188803964277,0.0799865221932813,-48.70769253724797,61.0
Nesterov,5e-05,0.0001,0.24586251046922472,0.008067943155765533,0.00806652382016182,0.010735330516694872,0.1036114400860005,0.07998617436292613,-48.70726272761495,61.0
Nesterov,5e-05,0.0005,0.24775638656010704,0.008067617192864418,0.008066161535680294,0.010734849846804567,0.10360912048079825,0.07998442939969742,-48.70503710591793,61.0
Nesterov,5e-05,0.001,0.24963577588399252,0.008067203685641289,0.008065727539360523,0.01073429965223822,0.10360646530134217,0.07998240071835959,-48.70248956759872,61.0
Nesterov,5e-05,0.005,0.2475425705077156,0.008063937537372112,0.008062195032835007,0.010729729025426822,0.10358440531965621,0.07996571447256053,-48.68132642340016,61.0
Nesterov,5e-05,0.01,0.24536293650430346,0.008059844374656677,0.008057789877057076,0.010724020046738949,0.10355684451903191,0.07994483676760489,-48.65489242557371,61.0
Nesterov,5e-05,0.05,0.2454258260272798,0.008027249947190285,0.008022615686058998,0.010678449086782345,0.10333658155165742,0.07977804556161197,-48.44388749416616,61.0
Nesterov,5e-05,0.1,0.24832294857691203,0.007986669428646564,0.007978877052664757,0.010621785138331428,0.10306204509096173,0.0795701298538878,-48.18151925422669,61.0
Nesterov,0.0001,0,0.25099463311452713,0.007567743305116892,0.009238606318831444,0.01274041485467775,0.11287344618942823,0.0867733879624981,-57.99130422257824,66.0
Nesterov,0.0001,0.0001,0.24552774807763478,0.007567604538053274,0.00923843402415514,0.012740190868369161,0.11287245398399541,0.08677266298375312,-57.99026711000205,66.0
Nesterov,0.0001,0.0005,0.24525733978029282,0.007567038759589195,0.009237769991159439,0.012739321991707847,0.11286860498698408,0.08676980563952806,-57.9862439939541,66.0
Nesterov,0.0001,0.001,0.25652833968874006,0.007566328626126051,0.009236912243068218,0.012738189679090265,0.11286358881007756,0.0867661175741929,-57.98100110360392,66.0
Nesterov,0.0001,0.005,0.24989005875965906,0.007560688070952892,0.0092301731929183,0.012729309948728814,0.11282424362134591,0.08673705837504225,-57.93988573325359,66.0
Nesterov,0.0001,0.01,0.24574138247777547,0.007553638890385628,0.009221764281392097,0.012718240151118927,0.11277517524313109,0.08670083382214638,-57.88862980431126,66.0
Nesterov,0.0001,0.05,0.24520588299584767,0.007497528102248907,0.009154791943728924,0.012629981964311459,0.11238319253478903,0.08641139200587045,-57.479972346333675,66.0
Nesterov,0.0001,0.1,0.2467044989267985,0.007428059820085764,0.009071877226233482,0.012520634350009023,0.1118956404423739,0.08605123936013538,-56.97366556944252,66.0
Nesterov,0.0005,0,0.25128920116121806,0.004958039149641991,0.005355282686650753,0.007469040378687026,0.0864236100766858,0.06615223182086342,-33.58352324124471,63.0
Nesterov,0.0005,0.0001,0.24868767980545287,0.0049575865268707275,0.005354716908186674,0.007468248977637928,0.08641903133938686,0.06614870526548916,-33.579858856640136,63.0
Nesterov,0.0005,0.0005,0.24621661125667513,0.004955790471285582,0.005352466367185116,0.007465091820245778,0.08640076284527688,0.06613468285371059,-33.565240429036066,63.0
Nesterov,0.0005,0.001,0.2560796056474958,0.004953544586896896,0.0053496528416872025,0.0074611439408073755,0.08637791350112235,0.06611713379691796,-33.54696076078026,63.0
Nesterov,0.0005,0.005,0.2480591819399879,0.004935602191835642,0.00532720610499382,0.007429634099908591,0.08619532527874461,0.06597691678163105,-33.401062324059986,63.0
Nesterov,0.0005,0.01,0.2483408943055168,0.004913271404802799,0.005299273878335953,0.007390441732396089,0.0859676784169265,0.0658021072340242,-33.21959186948651,63.0
Nesterov,0.0005,0.05,0.2452680686163524,0.004738197661936283,0.005081074312329292,0.007084424359166081,0.08416902256273433,0.06442077342200069,-31.802654966919512,63.0
Nesterov,0.0005,0.1,0.2471727795071072,0.004528071731328964,0.004821067675948143,0.006720244337210694,0.08197709641851615,0.06274945131594259,-30.116410467662273,63.0
Nesterov,0.001,0,0.24695849040197948,0.0032055929768830538,0.0034149799030274153,0.005021093499609651,0.07085967470719613,0.05536145158320356,-22.248917523021657,64.0
Nesterov,0.001,0.0001,0.25180366304185653,0.003205058164894581,0.0034143254160881042,0.005020114871898684,0.0708527689783447,0.055356009967845565,-22.24438623219033,64.0
Nesterov,0.001,0.0005,0.2452706117478628,0.0032029347494244576,0.0034117186442017555,0.005016195517429572,0.07082510513532311,0.055334207664464306,-22.226238641669863,64.0
Nesterov,0.001,0.001,0.2506556473081074,0.003200278850272298,0.003408468095585704,0.005011306179389921,0.07079057973621859,0.055306991443258416,-22.203599784848173,64.0
Nesterov,0.001,0.005,0.24764800828600686,0.0031791175715625286,0.0033825556747615337,0.004972343860666227,0.07051484851197105,0.05508967735168913,-22.023194513649127,64.0
Nesterov,0.001,0.01,0.24795672250172449,0.00315287453122437,0.0033504317980259657,0.004924063200484535,0.07017166950047957,0.0548192170978749,-21.799642993127055,64.0
Nesterov,0.001,0.05,0.24655460554455955,0.0029509738087654114,0.00310419499874115,0.004554516569165319,0.06748715855009246,0.052704705193218945,-20.088549751561477,63.0
Nesterov,0.001,0.1,0.24490091535780165,0.0027176456060260534,0.0028220838867127895,0.00413234319013631,0.06428330413207078,0.05019343268366085,-18.13378151826253,63.0
Nesterov,0.005,0,0.24854182818579296,0.0011135804234072566,0.0009046473423950374,0.0017842344997959494,0.04224020004445942,0.03306229352718651,-7.26145156044409,68.0
Nesterov,0.005,0.0001,0.25237101978725857,0.0011129459599032998,0.000904030748642981,0.0017824813476041473,0.04221944276757034,0.033045642047659154,-7.253334027736189,68.0
Nesterov,0.005,0.0005,0.24557505713568795,0.0011104141594842076,0.0009015739196911454,0.0017754841226986018,0.042136493953562414,0.032979047590929206,-7.220935128028046,68.0
Nesterov,0.005,0.001,0.36300067674546016,0.0011072618653997779,0.0008985152817331254,0.0017667791209861439,0.042033071752920266,0.032895993336864875,-7.180628794981981,68.0
Nesterov,0.005,0.005,0.24812836495656815,0.0010825088247656822,0.0008745167287997901,0.0016987209940558788,0.04121554311247007,0.032238338145257096,-6.865502661621572,68.0
Nesterov,0.005,0.01,0.24692115708002968,0.0010527108097448945,0.0008456992218270898,0.0016175182975733326,0.04021838258276099,0.031433220943149306,-6.489513886802613,68.0
Nesterov,0.005,0.05,0.248337984085083,0.0008547230972908437,0.0006571660633198917,0.0010999776308063662,0.03316591067355706,0.02570737268765441,-4.093171281868001,68.0
Nesterov,0.005,0.1,0.2478637316870311,0.0006865837494842708,0.0005041977856308222,0.0006970819769045744,0.02640231006757883,0.02022183879483703,-2.22766373283016,68.0
Nesterov,0.01,0,0.24474762734912692,0.0007462531793862581,0.0006273058825172484,0.0012658212290505724,0.03557838148441512,0.026412700515655106,-4.861068581052021,65.0
Nesterov,0.01,0.0001,0.24817668823968797,0.000745699624530971,0.0006266876589506865,0.0012638596986640823,0.035550804472811615,0.026391459417944078,-4.8519862052352885,65.0
Nesterov,0.01,0.0005,0.2572682471502395,0.0007434948347508907,0.0006242298986762762,0.0012560432295775914,0.035440700184640704,0.026306639777038017,-4.8157940002649555,65.0
Nesterov,0.01,0.001,0.2522784793187702,0.0007407560478895903,0.0006211750442162156,0.0012463467657747283,0.035303636721657,0.026200972865342863,-4.770896950003841,66.0
Nesterov,0.01,0.005,0.24669335001990908,0.0007195172947831452,0.0005974680534563959,0.001171486634275327,0.034226986929546205,0.025367783358386024,-4.424275835872539,66.0
Nesterov,0.01,0.01,0.24532513391403926,0.0006945936474949121,0.0005696156295016408,0.0010843877798643784,0.032930043727034106,0.024355858440110695,-4.020986376573038,66.0
Nesterov,0.01,0.05,0.2483360313233875,0.0005490357289090753,0.000409421743825078,0.0005934642525637161,0.024361121742721866,0.01775903928082175,-1.747887778187792,68.0
Nesterov,0.01,0.1,0.2482729715014261,0.000460716022644192,0.00032337315496988595,0.0003165030045898223,0.01779053131836771,0.012742379463481104,-0.46548799580596856,68.0
Nesterov,0.05,0,0.24423481169201078,0.4882575273513794,0.012013925239443779,0.010044825305887971,0.10022387592728577,0.09294958873467497,-45.51005106515252,66.0
Nesterov,0.05,0.0001,0.2467827040051657,0.9984352588653564,0.9996875524520874,1.003957047848381,1.0019765705087025,1.0018694428093549,-4647.571990124837,34.0
Nesterov,0.05,0.0005,0.25129270553588867,0.28424134850502014,0.05263696238398552,0.04944337973630457,0.22235867362507938,0.1939443449299307,-227.93520258847,52.0
Nesterov,0.05,0.001,0.25179102685716415,0.7443565726280212,0.718353271484375,0.6546023790919517,0.8090750145023339,0.7599392810567354,-3029.9725805874114,55.00000000000001
Nesterov,0.05,0.005,0.246325345266433,0.6722118258476257,0.1754142940044403,0.15286763802113718,0.39098291269713714,0.3438835435033771,-706.8153610501065,55.00000000000001
Nesterov,0.05,0.01,0.24570149088662768,0.16423989832401276,0.14174580574035645,0.1381641339911026,0.3717043636966112,0.35798837134799016,-638.7344634288481,34.0
Nesterov,0.05,0.05,0.2494670550028483,0.0004279985441826284,0.00032291875686496496,0.00022490630358754102,0.014996876461034845,0.0110959892587068,-0.041372382912389316,46.0
Nesterov,0.05,0.1,0.24584944664485872,0.0004274435341358185,0.0003679661895148456,0.00021763295114833332,0.014752387981216239,0.010353129399982033,-0.007694943727448056,65.0
RMSprop,1e-05,0,0.24596400109548416,0.1871396154165268,0.15427333116531372,0.15048113371223182,0.3879189782831356,0.3675488147809918,-695.765249784425,35.0
RMSprop,1e-05,0.0001,0.24572642265804231,0.18728111684322357,0.1543867141008377,0.15059578647431646,0.3880667294091526,0.36770825541762664,-696.2961207211442,35.0
RMSprop,1e-05,0.0005,0.2488451533847385,0.18777163326740265,0.15479892492294312,0.15102421484629797,0.38861834085166125,0.3682829422103058,-698.2798511347473,35.0
RMSprop,1e-05,0.001,0.2584545233893016,0.1882305145263672,0.15519645810127258,0.1514359324219915,0.3891477000086105,0.36881558390518676,-700.186206386013,35.0
RMSprop,1e-05,0.005,0.24710508755275182,0.1898077130317688,0.15654677152633667,0.15280501616103656,0.390902821889324,0.37056244430316637,-706.5254061905265,35.0
RMSprop,1e-05,0.01,0.24740001133510045,0.1904866248369217,0.15712836384773254,0.15337245185085455,0.39162795080389057,0.37124925844090084,-709.1527752194487,35.0
RMSprop,1e-05,0.05,0.2522579034169515,0.19220049679279327,0.1587756872177124,0.15501260244150225,0.3937163984919885,0.3734456473188291,-716.7470822783131,35.0
RMSprop,1e-05,0.1,0.24668288230895996,0.19365787506103516,0.16017407178878784,0.15653003181545813,0.39563876429826506,0.3754367609829458,-723.7731594395635,35.0
RMSprop,5e-05,0,0.24738097190856934,0.007964071817696095,0.007234249264001846,0.008751747590685127,0.09355077546811211,0.07312381408722038,-39.52277814264164,53.0
RMSprop,5e-05,0.0001,0.24633979040478904,0.008448216132819653,0.007313340902328491,0.008694606517284296,0.0932448739464229,0.07306055123021218,-39.258200694964934,53.0
RMSprop,5e-05,0.0005,0.250703838136461,0.009661154821515083,0.007556360214948654,0.008699244127139114,0.0932697385390305,0.07358148238669936,-39.27967398739157,54.0
RMSprop,5e-05,0.001,0.25806937898908344,0.010235040448606014,0.007727275602519512,0.008759400789010689,0.09359167051084562,0.07405631443533901,-39.55821436319244,54.0
RMSprop,5e-05,0.005,0.24566815769861614,0.011222533881664276,0.008141059428453445,0.009036485695565704,0.09506043180822242,0.07555908510959092,-40.84118671570341,54.0
RMSprop,5e-05,0.01,0.24734103868878077,0.011522261425852776,0.008273482322692871,0.009118889306310798,0.09549287568353357,0.07594403082595058,-41.22273602363021,52.0
RMSprop,5e-05,0.05,0.24888450001913404,0.012373803183436394,0.00865102931857109,0.00913890665885899,0.09559762893952439,0.07626338011993546,-41.31542136766102,53.0
RMSprop,5e-05,0.1,0.2482361528608534,0.0134389977902174,0.009184847585856915,0.009361965562121648,0.09675725069534401,0.0778781190218112,-42.34823982545958,52.0
RMSprop,0.0001,0,0.24669987057882642,0.004313959274441004,0.00505148945376277,0.007121115860058238,0.08438670428484714,0.06578885939536763,-31.972545784149645,61.0
RMSprop,0.0001,0.0001,0.2466145810626802,0.004791416693478823,0.005477997474372387,0.007800707324600607,0.08832161300950411,0.06844925280438542,-35.119224074391276,61.0
RMSprop,0.0001,0.0005,0.24830600950453016,0.005799707490950823,0.0064844293519854546,0.00914048204627794,0.095605868262769,0.07390893452329025,-41.32271580505256,64.0
RMSprop,0.0001,0.001,0.2529549712226504,0.006067617330700159,0.006751567125320435,0.009492976044881175,0.09743190465592456,0.07544524513091588,-42.95485109620454,65.0
RMSprop,0.0001,0.005,0.2483983872428773,0.006434653885662556,0.007196805439889431,0.01021157570822598,0.10105234142871693,0.07758661142836959,-46.28214709387383,67.0
RMSprop,0.0001,0.01,0.24531995304047116,0.006515863351523876,0.007316594012081623,0.010439716769589644,0.10217493219762686,0.07812568218035326,-47.338497213558085,66.0
RMSprop,0.0001,0.05,0.25003492264520555,0.00660129077732563,0.007244670297950506,0.010143652771407994,0.10071570270522862,0.07657037929828374,-45.96764692451321,61.0
RMSprop,0.0001,0.1,0.2455376216343471,0.006711677182465792,0.007100716233253479,0.009699375228173589,0.0984854061684958,0.0751580474239786,-43.91053088777931,60.0
RMSprop,0.0005,0,0.2455271425701323,0.001594296540133655,0.0011123650474473834,0.0008421548908718513,0.029019905080338415,0.02366908021314323,-2.899387573844442,53.0
RMSprop,0.0005,0.0001,0.24512717458936903,0.0011064462596550584,0.0009248742135241628,0.0008442370442896189,0.02905575750672522,0.02298261806891179,-2.909028464436047,62.0
RMSprop,0.0005,0.0005,0.24842642602466403,0.0014846781268715858,0.000942426617257297,0.0007055589743699194,0.026562360105418334,0.02034120724858844,-2.266914349240707,60.0
RMSprop,0.0005,0.001,0.25248454109070795,0.0013369880616664886,0.0011077409144490957,0.0018206196407308333,0.04266871969875395,0.03670080413166592,-7.4299238545219435,69.0
RMSprop,0.0005,0.005,0.2479722991822258,0.001382122398354113,0.0011787040857598186,0.002022676879548014,0.04497418014314451,0.03830602362924546,-8.365499358255407,69.0
RMSprop,0.0005,0.01,0.24538188132028732,0.0014014072949066758,0.0012190232519060373,0.0021472613160162302,0.04633855107808433,0.038892170267042815,-8.942356428996446,69.0
RMSprop,0.0005,0.05,0.24811939587668766,0.0013820526655763388,0.0012111328542232513,0.0021524181762708388,0.04639416101483934,0.03743060375557421,-8.96623398051913,70.0
RMSprop,0.0005,0.1,0.2457727931794666,0.0013558499049395323,0.0011679228628054261,0.002047430961002767,0.04524854650707321,0.0357836599338409,-8.480116940689285,70.0
RMSprop,0.001,0,0.2449195044381278,0.0025667764712125063,0.0035574627108871937,0.005022335210926493,0.07086843592832068,0.06631459009160792,-22.254666956684844,66.0
RMSprop,0.001,0.0001,0.2458005594828772,0.006664954125881195,0.007409616373479366,0.009041834186153161,0.09508855970174941,0.08951790503041795,-40.865951563549814,66.0
RMSprop,0.001,0.0005,0.2476899888780382,0.0011858765501528978,0.001194413285702467,0.0018400024596108768,0.042895249849031966,0.036165322903738556,-7.5196711491183965,67.0
RMSprop,0.001,0.001,0.2575089250292097,0.0011211690725758672,0.0010021780617535114,0.0016135183496192602,0.04016862394480623,0.034349950980261744,-6.470993128308902,67.0
RMSprop,0.001,0.005,0.24712108808850486,0.0011076604714617133,0.0008860691450536251,0.0014604034629454219,0.0382152255383299,0.03256320149837956,-5.762032944216808,69.0
RMSprop,0.001,0.01,0.24442380193680052,0.0011071530170738697,0.0008893839549273252,0.0014918489840627174,0.03862446095497926,0.032788326029805095,-5.907633564277215,69.0
RMSprop,0.001,0.05,0.2465962909516834,0.001170604140497744,0.001324088079854846,0.0023779037664421548,0.04876375463848282,0.04276596873051238,-10.010288605060643,66.0
RMSprop,0.001,0.1,0.24997539368886795,0.0098586929962039,0.015679309144616127,0.021076876274621018,0.14517877349881772,0.14258066604660802,-96.59120362719607,66.0
RMSprop,0.005,0,0.2469906314970955,0.0006077978177927434,0.0005846122512593865,0.000445370307082656,0.021103798404141755,0.016283338886616747,-1.0621758064000333,66.0
RMSprop,0.005,0.0001,0.2457930360521589,0.00163844448979944,0.0016729135531932116,0.0019145027555947873,0.04375503120322036,0.03760127086420956,-7.8646261349009325,45.0
RMSprop,0.005,0.0005,0.24629624306209505,0.006613204255700111,0.009718658402562141,0.013131794940345722,0.11459404408757778,0.09158466131994723,-59.803491813300305,35.0
RMSprop,0.005,0.001,0.26148209496149943,0.002625755500048399,0.0026730108074843884,0.0032452620627562694,0.05696720164056042,0.05365239255877188,-14.026374243673647,66.0
RMSprop,0.005,0.005,0.24547684760320754,0.000618981197476387,0.00047012846334837377,0.0004893540638480189,0.02212134859921562,0.017420018701911396,-1.2658315904379256,69.0
RMSprop,0.005,0.01,0.24884922920711458,0.0006344642024487257,0.0005021814722567797,0.0005113991582352419,0.02261413624782609,0.01777323053009339,-1.3679058858549733,67.0
RMSprop,0.005,0.05,0.24582950652591765,0.0005391499726101756,0.0003841532161459327,0.00034729305543957056,0.018635800370243576,0.013959487165980757,-0.6080536247453798,67.0
RMSprop,0.005,0.1,0.24908046873788986,0.002276600571349263,0.0012185167288407683,0.0013592378595158208,0.036867843163328945,0.03329042997625936,-5.293610922104621,35.0
RMSprop,0.01,0,0.24650118086073133,0.0015261160442605615,0.0015827453462406993,0.0015597621055359714,0.03949382363782939,0.0323296562560253,-6.222088286139171,45.0
RMSprop,0.01,0.0001,0.24495891162327357,0.0005210822564549744,0.00034742301795631647,0.00031028661415882807,0.01761495427637631,0.014705302859000006,-0.4367045548219832,33.0
RMSprop,0.01,0.0005,0.24641026012481204,0.9248610138893127,0.8508291244506836,0.8664341859252239,0.9308244656890062,0.9064505695138634,-4010.8067766051254,70.0
RMSprop,0.01,0.001,0.24937321647765145,0.0013678846880793571,0.0013210843317210674,0.0012686691964632524,0.03561838284458255,0.029808114406449683,-4.8742553817938905,65.0
RMSprop,0.01,0.005,0.24854154435415116,0.000866335816681385,0.000772977655287832,0.0006597045938414043,0.025684715179293,0.020528559046085047,-2.05459710976696,62.0
RMSprop,0.01,0.01,0.248615510880001,0.0008497721282765269,0.0007057477487251163,0.0006088863497527078,0.024675622580853106,0.01991064400785513,-1.8192959416897794,62.0
RMSprop,0.01,0.05,0.24541752679007395,0.0004586115828715265,0.0003410312347114086,0.0002516454713123445,0.015863337332110938,0.011607229258095238,-0.16518141078978865,63.0
RMSprop,0.01,0.1,0.24919501561967153,0.00047365331556648016,0.0003481297171674669,0.00022974672835384815,0.015157398469191478,0.011026682905200093,-0.06378475905655301,64.0
RMSprop,0.05,0,0.24661387337578666,1.0018486976623535,1.0006277561187744,1.0052290444446166,1.0026111132660642,1.002503403175604,-4653.461652198994,34.0
RMSprop,0.05,0.0001,0.24460951487223306,0.9990040063858032,0.9999692440032959,0.9952154317422013,0.9976048474933356,0.9974965968243963,-4607.096123287008,66.0
RMSprop,0.05,0.0005,0.24561218231443374,1.0018486976623535,1.0006277561187744,1.0052290444446166,1.0026111132660642,1.002503403175604,-4653.461652198994,34.0
RMSprop,0.05,0.001,0.2489755115811787,1.001848578453064,1.0006275177001953,1.0052287345454614,1.0026109587200118,1.002503248799574,-4653.460217288471,34.0
RMSprop,0.05,0.005,0.2501424645620679,0.7060512900352478,0.5758640766143799,0.552737073473243,0.7434628931380792,0.7344103253371829,-2558.3107625051816,34.0
RMSprop,0.05,0.01,0.2444498576815166,0.0006207920960150659,0.0004932900192216039,0.0003918385760885829,0.019794912884086732,0.015546773599894679,-0.8143105159324209,65.0
RMSprop,0.05,0.05,0.247509343283517,0.0004224964650347829,0.0003247692948207259,0.00021202601337666206,0.014561113054181746,0.010131546670071212,0.01826657916003338,66.0
RMSprop,0.05,0.1,0.24860191345214844,0.0004249924386385828,0.00029942390392534435,0.0002181623092834074,0.014770318523424178,0.01070524660948662,-0.010146004163473554,66.0
Adagrad,1e-05,0,0.24547615505400158,0.28418898582458496,0.24492725729942322,0.24871655535405818,0.4987149038820257,0.479750825103354,-1150.6197980551613,34.0
Adagrad,1e-05,0.0001,0.24431024657355416,0.28419730067253113,0.24493443965911865,0.24872448079337273,0.49872284968043396,0.4797587509937401,-1150.6564948195157,34.0
Adagrad,1e-05,0.0005,0.24511593485635425,0.2842365801334381,0.24497026205062866,0.24876173452753714,0.49876019741709254,0.47979795453323076,-1150.8289889172818,34.0
Adagrad,1e-05,0.001,0.24937138103303455,0.28427794575691223,0.24500787258148193,0.24880192964102857,0.49880049081875266,0.47983733290059516,-1151.0151023362935,34.0
Adagrad,1e-05,0.005,0.2492447012946719,0.28442540764808655,0.2451387643814087,0.24893715401921113,0.49893602196996273,0.4799747272319908,-1151.6412249957725,34.0
Adagrad,1e-05,0.01,0.24559146638900514,0.28449440002441406,0.24520127475261688,0.24899525336522838,0.4989942418157031,0.480035275418293,-1151.9102394851068,34.0
Adagrad,1e-05,0.05,0.2452865517328656,0.2846577763557434,0.24536210298538208,0.2491600618018472,0.4991593551180296,0.48020909347755864,-1152.6733437273094,34.0
Adagrad,1e-05,0.1,0.2516371598319402,0.28480228781700134,0.2455058991909027,0.24930173485328314,0.4993012465969649,0.48036750191075756,-1153.3293253552806,34.0
Adagrad,5e-05,0,0.24483003313579257,0.24271321296691895,0.2058439701795578,0.20605386562940453,0.45393156491855086,0.43448451181126785,-953.0808845105628,34.0
Adagrad,5e-05,0.0001,0.24473932432749915,0.24276438355445862,0.20588746666908264,0.20609738851060858,0.453979502302261,0.4345356616489406,-953.2824063255928,34.0
Adagrad,5e-05,0.0005,0.2452484993707566,0.24297364056110382,0.206072136759758,0.2062934687154342,0.45419540807391945,0.4347591389268453,-954.1903066684648,34.0
Adagrad,5e-05,0.001,0.24936928067888534,0.2431846708059311,0.20626060664653778,0.20649378222628,0.4544158692500516,0.4349779408164139,-955.1178082759859,34.0
Adagrad,5e-05,0.005,0.24977217401776994,0.2439320832490921,0.2069152593612671,0.20715968686863312,0.45514798348299107,0.4357194013446386,-958.2011131595672,34.0
Adagrad,5e-05,0.01,0.2449294990963406,0.24427247047424316,0.20721380412578583,0.20746543710066834,0.45548373966659705,0.436035205621254,-959.6168131316517,34.0
Adagrad,5e-05,0.05,0.24594493139357793,0.24510973691940308,0.20803213119506836,0.20835338696351055,0.45645743171024233,0.43702749389408185,-963.7282428685013,34.0
Adagrad,5e-05,0.1,0.2490353546445332,0.245814710855484,0.208722323179245,0.2090979927160458,0.4572723397670646,0.43788343805072855,-967.1759535572596,34.0
Adagrad,0.0001,0,0.24779678904821004,0.19263555109500885,0.15939663350582123,0.15593482786131718,0.3948858415559074,0.37464867012294034,-721.0172164083743,35.0
Adagrad,0.0001,0.0001,0.24467387275090294,0.19277037680149078,0.15950477123260498,0.15604457972890864,0.39502478368946503,0.37479845378266674,-721.5253949790043,35.0
Adagrad,0.0001,0.0005,0.24507967252579946,0.1932334154844284,0.15989510715007782,0.15645179867897918,0.3955398825390168,0.3753343207291144,-723.4109204695649,35.0
Adagrad,0.0001,0.001,0.2504610636877635,0.19366800785064697,0.1602725088596344,0.15684450943968567,0.39603599513135884,0.37583217692513043,-725.2292694182107,35.0
Adagrad,0.0001,0.005,0.2539481549035935,0.19516639411449432,0.16155755519866943,0.1581496785294989,0.3976803723211631,0.3774705134467038,-731.2725284264375,35.0
Adagrad,0.0001,0.01,0.24533758844648088,0.19581301510334015,0.162112295627594,0.15869469370049172,0.3983650256994102,0.3781176224392655,-733.7960848509878,35.0
Adagrad,0.0001,0.05,0.2444736881861611,0.19744430482387543,0.1636812835931778,0.1602721801789729,0.40034008065515114,0.3801873381628937,-741.1002414126496,35.0
Adagrad,0.0001,0.1,0.24779127136109366,0.19882898032665253,0.16501228511333466,0.16172985878892804,0.4021565103152354,0.382062455501389,-747.8496576066627,35.0
Adagrad,0.0005,0,0.2505992783440484,0.009076554328203201,0.007559990044683218,0.008402008325079795,0.09166246955586455,0.07255634117593665,-37.90339795359465,55.00000000000001
Adagrad,0.0005,0.0001,0.24598545119875953,0.009719917550683022,0.007703972049057484,0.008401544797561535,0.09165994107330386,0.07276309332731133,-37.901251705363556,53.0
Adagrad,0.0005,0.0005,0.24467858057173472,0.011228954419493675,0.00809222087264061,0.008540053123596451,0.0924124078443823,0.07364128475810304,-38.54257986395847,52.0
Adagrad,0.0005,0.001,0.24685144802880665,0.011949974112212658,0.00834702979773283,0.00866964659915997,0.09311093705446191,0.07432066550763655,-39.14263003731856,52.0
Adagrad,0.0005,0.005,0.25753623341757154,0.013195745646953583,0.008920026011765003,0.009054485473689285,0.09515506015808768,0.07605231837986627,-40.92453018601726,51.0
Adagrad,0.0005,0.01,0.24514815920875185,0.013577674515545368,0.00911015085875988,0.00917599850053108,0.09579143229188652,0.07658931357761097,-41.48716586273533,51.0
Adagrad,0.0005,0.05,0.24470771305144778,0.014660374261438847,0.009710660204291344,0.009415805244719366,0.0970350722405016,0.07820448209489331,-42.59753100879988,50.0
Adagrad,0.0005,0.1,0.2461881334819491,0.0159381665289402,0.010460637509822845,0.009891521495488846,0.099456128496382,0.08089211601770448,-44.800216117006,48.0
Adagrad,0.001,0,0.24809626549009292,0.004651087801903486,0.0054407319985330105,0.007670029492024019,0.08757870455780914,0.06802300947060488,-34.51415305711256,61.0
Adagrad,0.001,0.0001,0.24701188481043254,0.005092248786240816,0.005832638591527939,0.008273632287942732,0.09095950905728731,0.07034526726762562,-37.3089848243502,61.0
Adagrad,0.001,0.0005,0.24455828136867946,0.006058798171579838,0.006773989647626877,0.009505869985784373,0.09749805118967442,0.07522136683901694,-43.01455326439329,63.0
Adagrad,0.001,0.001,0.2465208749922495,0.006332088261842728,0.007041621021926403,0.009854488229644031,0.09926977500550725,0.07668010672984807,-44.6287428426483,66.0
Adagrad,0.001,0.005,0.2612443424406506,0.0067042699083685875,0.007478832732886076,0.010553364123801352,0.1027295679140205,0.07877226380007753,-47.86471286060449,66.0
Adagrad,0.001,0.01,0.24452228016323513,0.006781905889511108,0.007588297128677368,0.010764558519879775,0.10375239042971383,0.07925632050830583,-48.84259568555753,66.0
Adagrad,0.001,0.05,0.24547050112769717,0.006861918605864048,0.007485055830329657,0.010423410011597228,0.10209510277969863,0.07757988330982493,-47.26299284948618,62.0
Adagrad,0.001,0.1,0.24484901579599533,0.006980896461755037,0.007310870103538036,0.009922179387701109,0.0996101369726049,0.07608053292897649,-44.942169818431395,60.0
Adagrad,0.005,0,0.2493632331727043,0.0010746100451797247,0.0009702290408313274,0.0007449915343140129,0.02729453304810348,0.022341488236016352,-2.4494969547893004,60.0
Adagrad,0.005,0.0001,0.24906671614873976,0.0009651438449509442,0.0009786935988813639,0.0010210801393720113,0.03195434460870714,0.025479207233260092,-3.727856182423383,63.0
Adagrad,0.005,0.0005,0.24530294584849524,0.0011055179638788104,0.0010376840364187956,0.0014041279019984868,0.03747169467742935,0.030743800268343904,-5.5014630354670935,68.0
Adagrad,0.005,0.001,0.2455464241996644,0.0014629291836172342,0.0012596971355378628,0.0020663929457345825,0.04545759502805425,0.039208269308262385,-8.56791566802568,69.0
Adagrad,0.005,0.005,0.2585298977200947,0.0015131011605262756,0.0013391326647251844,0.0022825816587935316,0.04777637134393456,0.04067772761236831,-9.56892342852774,69.0
Adagrad,0.005,0.01,0.24614456721714564,0.0015330624300986528,0.001381449750624597,0.0024057560329994914,0.04904850693955415,0.04111985007666938,-10.1392515586625,70.0
Adagrad,0.005,0.05,0.24568373437911745,0.0015125818317756057,0.001366425771266222,0.0023767938520382263,0.048752372783673066,0.039316870654520115,-10.00514942403632,70.0
Adagrad,0.005,0.1,0.24513366865733313,0.0014942024135962129,0.001324975281022489,0.0022613942498013327,0.04755411916754775,0.037513893073665025,-9.470820430799364,68.0
Adagrad,0.01,0,0.24790199597676596,0.0010885120136663318,0.0013172118924558163,0.00205217743100278,0.045300965011827066,0.03580071271456273,-8.502094282789043,65.0
Adagrad,0.01,0.0001,0.24696754273914157,0.0009877161355689168,0.0013381348690018058,0.001905472040793933,0.043651712919356704,0.03721926634185438,-7.822811668869715,67.0
Adagrad,0.01,0.0005,0.24776231674920945,0.0011777811450883746,0.0009627179242670536,0.0015446249582263987,0.03930171698827417,0.03378759513356034,-6.151999511779275,69.0
Adagrad,0.01,0.001,0.2449597744714646,0.0011856660712510347,0.0009659355273470283,0.0015680907134689732,0.03959912516039935,0.0339911534786528,-6.2606518219369,69.0
Adagrad,0.01,0.005,0.25448781346517896,0.001198148587718606,0.0009833177318796515,0.001643990568626719,0.04054615356142576,0.03462194205421834,-6.612087116401922,69.0
Adagrad,0.01,0.01,0.24752051489693777,0.0011972771026194096,0.0009899684228003025,0.0016803255416049955,0.04099177407242818,0.03486047959348067,-6.780327120305224,69.0
Adagrad,0.01,0.05,0.24595129679119776,0.0011691628023982048,0.0009696129709482193,0.0017406170781670183,0.04172070323193292,0.03480235973039592,-7.059491999623978,69.0
Adagrad,0.01,0.1,0.24507143762376574,0.0011313277063891292,0.0009272958850488067,0.0017158872296413705,0.04142326918099742,0.034175785644506525,-6.944986621706937,68.0
Adagrad,0.05,0,0.24834198421902126,0.0007007349049672484,0.0008561561699025333,0.0014955637558866878,0.038672519388923805,0.021128173198512415,-5.924833886031638,64.0
Adagrad,0.05,0.0001,0.2478638868483286,0.0005632322863675654,0.0018526543863117695,0.0026842281800077456,0.051809537539026014,0.01972173883458131,-11.42864718110151,64.0
Adagrad,0.05,0.0005,0.2442158403850737,0.0009524498018436134,0.000852693454362452,0.0006915977320275095,0.0262982457975339,0.0216765908876999,-2.20227030870196,60.0
Adagrad,0.05,0.001,0.2456345141880096,0.0007236830424517393,0.0005664294585585594,0.0005527803297448708,0.02351128090395908,0.018807803559242272,-1.559511049851256,66.0
Adagrad,0.05,0.005,0.2523968030535986,0.0006404903251677752,0.0004925106186419725,0.0005410249146917473,0.023259942276191214,0.018304834371033724,-1.5050805408316172,68.0
Adagrad,0.05,0.01,0.27049292079986087,0.0006460205186158419,0.0005150042707100511,0.0005357464734394182,0.02314619781820371,0.018211098270786426,-1.4806400389100625,67.0
Adagrad,0.05,0.05,0.24493992517864893,0.0005514713702723384,0.0003977135638706386,0.0003703983166843618,0.019245735025827458,0.014545899076282575,-0.715036757616692,67.0
Adagrad,0.05,0.1,0.24505030919635107,0.0004936863551847637,0.0003454780380707234,0.0003047955391157103,0.017458394517128724,0.012988620699133415,-0.41127950531830604,66.0
Adam,1e-05,0,0.24857345081510998,0.24937273561954498,0.2117813676595688,0.21256154669104865,0.4610439747909614,0.4416405920795913,-983.2130738992003,34.0
Adam,1e-05,0.0001,0.24734304443238272,0.24941428005695343,0.21181724965572357,0.21259790413845583,0.46108340258401825,0.44168230704216316,-983.3814179653249,34.0
Adam,1e-05,0.0005,0.24501453127179826,0.24959217011928558,0.21197712421417236,0.21276739477892445,0.4612671620426978,0.44187271054087235,-984.1662019812939,34.0
Adam,1e-05,0.001,0.2524373796251085,0.2497745305299759,0.21214179694652557,0.212940747252341,0.4614550327522076,0.44205919518319914,-984.9688672487673,34.0
Adam,1e-05,0.005,0.26602035855490064,0.25041964650154114,0.21271221339702606,0.21351920517252268,0.4620813837112708,0.4426971599384959,-987.6472719583963,34.0
Adam,1e-05,0.01,0.2550071042681497,0.25071772933006287,0.2129773199558258,0.21378811167384182,0.46237226525154146,0.4429756011925454,-988.8923762511284,34.0
Adam,1e-05,0.05,0.24605305989583334,0.25143951177597046,0.21368858218193054,0.2145596826491616,0.46320587501580934,0.44382588694987846,-992.464942659175,34.0
Adam,1e-05,0.1,0.2459997222537086,0.2520551085472107,0.21429681777954102,0.21518755425805927,0.46388312564487544,0.444556383464467,-995.3721450945498,34.0
Adam,5e-05,0,0.24859266432504806,0.09174453467130661,0.06851273775100708,0.0613787715084208,0.24774739455425318,0.2243654079945582,-283.1990487877996,35.0
Adam,5e-05,0.0001,0.24785151935759045,0.0921231210231781,0.06878425180912018,0.06165253816859897,0.24829929151851998,0.2249207805633369,-284.4666568304561,35.0
Adam,5e-05,0.0005,0.24526195299057735,0.09317392855882645,0.06958478689193726,0.06244641174262983,0.24989280050179483,0.2265239867625227,-288.14248984328185,35.0
Adam,5e-05,0.001,0.24598821004231772,0.09405728429555893,0.07029068470001221,0.06313574389683463,0.2512682707721662,0.22789770363470815,-291.33426996056505,35.0
Adam,5e-05,0.005,0.25369992710295175,0.09677862375974655,0.0724603533744812,0.06524926555690543,0.25543935788539995,0.2320033969275122,-301.12040335201175,35.0
Adam,5e-05,0.01,0.2502014372083876,0.09791628271341324,0.07336967438459396,0.06609173728359902,0.2570831330204279,0.2336018122044792,-305.02125795487854,35.0
Adam,5e-05,0.05,0.24499011418176075,0.1006879135966301,0.07588469237089157,0.06842365621066274,0.26157915859384273,0.23828877075376143,-315.8186252633926,35.0
Adam,5e-05,0.1,0.24594372416299487,0.10317450761795044,0.0781293734908104,0.07061718967392651,0.2657389502386252,0.24261886452125536,-325.97523329615916,35.0
Adam,0.0001,0,0.24805515153067453,0.010914642363786697,0.007986798882484436,0.008676300161879508,0.09314665942415491,0.07348368681107602,-39.17343769523467,54.0
Adam,0.0001,0.0001,0.24903904445587643,0.011345850303769112,0.008105440065264702,0.00866721913971124,0.09309790083407488,0.07363086762052505,-39.13139029352203,54.0
Adam,0.0001,0.0005,0.24695053933158753,0.012308459728956223,0.00840548425912857,0.00870929860418733,0.09332362296968184,0.07411588090426263,-39.32622872843538,54.0
Adam,0.0001,0.001,0.24605631071423728,0.012930301018059254,0.008647953160107136,0.008792080141828251,0.09376609270854924,0.07459143775755557,-39.70952793232241,53.0
Adam,0.0001,0.005,0.25339340406750877,0.014396652579307556,0.009312460198998451,0.00913639484112274,0.09558449058881226,0.07615949191599657,-41.303791023914684,53.0
Adam,0.0001,0.01,0.2464918749673026,0.014937740750610828,0.009568890556693077,0.009270617210592542,0.09628404442373899,0.07678287119876631,-41.925274132681835,53.0
Adam,0.0001,0.05,0.24764555219619994,0.016319362446665764,0.010323479771614075,0.009559066538519314,0.09777047887025671,0.07841520806919569,-43.26086659577019,50.0
Adam,0.0001,0.1,0.24515109970456078,0.01773497648537159,0.01115359365940094,0.010044263811052653,0.10022107468518113,0.0813620998838488,-45.50745120376437,45.0
Adam,0.0005,0,0.24681862952217223,0.004102087579667568,0.004940600600093603,0.007193328098950109,0.08481349007646195,0.06834489777319114,-32.30690649387958,69.0
Adam,0.0005,0.0001,0.24854266075860887,0.004285647999495268,0.005067245103418827,0.0074388372469089345,0.08624869417509423,0.06953410307611288,-33.44367519426044,69.0
Adam,0.0005,0.0005,0.24676516699412512,0.004460083786398172,0.0052979616448283195,0.007782152212997772,0.088216507599189,0.07118535756799341,-35.03330927130738,69.0
Adam,0.0005,0.001,0.24623403851948086,0.004557331558316946,0.005455726757645607,0.008014703782908916,0.08952487801113675,0.07223376761303464,-36.110081147619525,69.0
Adam,0.0005,0.005,0.25335237714979386,0.004792534746229649,0.005933084990829229,0.008778883918632822,0.09369569850656337,0.07473165767301976,-39.64842612158939,68.0
Adam,0.0005,0.01,0.2572299866449265,0.004875887185335159,0.006135181989520788,0.009129055638007115,0.09554609169404636,0.07544886856956579,-41.26980867964384,69.0
Adam,0.0005,0.05,0.2453772567567371,0.004970964044332504,0.0062864250503480434,0.009279509013681025,0.09633020820947615,0.07469553131528911,-41.96644540277493,69.0
Adam,0.0005,0.1,0.24842755378238737,0.005011484958231449,0.0062814876437187195,0.009129662981829921,0.09554926991782785,0.07336031643862116,-41.27262083330033,67.0
Adam,0.001,0,0.24708766407436794,0.0020156262908130884,0.0025114358868449926,0.003642489966473648,0.060353044384468695,0.050892333690268535,-15.865638693157827,68.0
Adam,0.001,0.0001,0.24890036053127712,0.0023298098240047693,0.0026576705276966095,0.004176114712221409,0.06462286524305007,0.05562107678567644,-18.336454602699757,67.0
Adam,0.001,0.0005,0.24598846738300625,0.00243070675060153,0.002792068524286151,0.004403313622740517,0.06635746847748576,0.05718552727724544,-19.38844232855863,67.0
Adam,0.001,0.001,0.2454728777446444,0.0024718388449400663,0.0028705080039799213,0.004533529140886099,0.06733148699446716,0.05799847177760329,-19.99137271450335,67.0
Adam,0.001,0.005,0.25197848819551016,0.002573352074250579,0.0031402758322656155,0.005011467036842528,0.07079171587723049,0.06029598343493982,-22.204344595047164,67.0
Adam,0.001,0.01,0.2484817277817499,0.002619024831801653,0.0032750291284173727,0.005265924652146869,0.07256669106516342,0.06111616843459467,-23.382546935189865,68.0
Adam,0.001,0.05,0.24558157012576148,0.0026722403708845377,0.003375197295099497,0.005462512336049829,0.07390881095004728,0.06044702276445513,-24.292797032993676,67.0
Adam,0.001,0.1,0.24702685598343138,0.0026677295099943876,0.003354785731062293,0.005387001363463174,0.07339619447534848,0.058802595549240305,-23.943162362002834,67.0
Adam,0.005,0,0.2508147784641811,0.0006163211655803025,0.0005029553431086242,0.00043466009363836325,0.0208485033908519,0.01610928548505501,-1.0125848419936387,70.0
Adam,0.005,0.0001,0.249935025260562,0.0008450687164440751,0.0005992301157675683,0.0007548751939257886,0.027474992155154268,0.02277067253278454,-2.4952607684202674,67.0
Adam,0.005,0.0005,0.24836199245755636,0.0009584167273715138,0.0006889868527650833,0.0009636728992019704,0.031043081341934637,0.025999491146514547,-3.4620463160981823,65.0
Adam,0.005,0.001,0.2472221018776061,0.000993973109871149,0.0007578901713714004,0.001086345123036797,0.03295975004512014,0.027632999401982085,-4.030049364542362,66.0
Adam,0.005,0.005,0.25273544826204813,0.00097758905030787,0.0009432417573407292,0.0014727021853469795,0.03837580208082926,0.033635336593703276,-5.818979102015819,65.0
Adam,0.005,0.01,0.24747245652335031,0.0009352133492939174,0.0009427526965737343,0.00152281043138722,0.039023203756063135,0.03438657683201777,-6.050992801721549,65.0
Adam,0.005,0.05,0.24526262283325195,0.00081389129627496,0.0004826732911169529,0.0008175405789878657,0.028592666524615465,0.022975665096539213,-2.7854171594474186,65.0
Adam,0.005,0.1,0.24481509602259074,0.0005970309721305966,0.0005231649265624583,0.0004846209202116356,0.02201410729990284,0.018031918109785987,-1.2439159527316277,70.0
Adam,0.01,0,0.24659115927559988,0.0004930470604449511,0.0003874314425047487,0.0003429585414160126,0.018519139867067602,0.013932908890565714,-0.5879837417519811,70.0
Adam,0.01,0.0001,0.2507467534806993,0.0006514201522804797,0.0004804266500286758,0.00046798762415807966,0.021633021614145344,0.01701187025007628,-1.1668996358446417,68.0
Adam,0.01,0.0005,0.24552720312088255,0.0007973187603056431,0.0004941514926031232,0.00038415317509589306,0.01959982589453011,0.015663943115825054,-0.7787251889863509,66.0
Adam,0.01,0.001,0.24516939359997947,0.0007377811125479639,0.0005561099387705326,0.00042423991013196277,0.020597084991133156,0.016884107984159184,-0.9643367886694201,64.0
Adam,0.01,0.005,0.25462691367618623,0.0007199376123026013,0.0004409552493598312,0.0005192028705167155,0.022786023578428852,0.01773507950206972,-1.4040390236305353,67.0
Adam,0.01,0.01,0.24873268036615281,0.000713494373485446,0.0004315257247071713,0.0005471113533729172,0.023390411569122017,0.018340065038833682,-1.5332622727428924,68.0
Adam,0.01,0.05,0.24494814115857322,0.0005096053937450051,0.0005248684901744127,0.0003988035987766709,0.019970067570658615,0.016092341374943375,-0.8465603113273721,68.0
Adam,0.01,0.1,0.2448396531362382,0.00046559402835555375,0.00031394418329000473,0.0003021166752061453,0.0173815038246449,0.013061608932174349,-0.3988756960497237,61.0
Adam,0.05,0,0.2459046273004441,0.0005761360516771674,0.003034795168787241,0.0027226500564202388,0.052179019312557404,0.050086276110280076,-11.606550069359463,66.0
Adam,0.05,0.0001,0.25239951648409403,1.0018486976623535,1.0006277561187744,1.0052290444446166,1.0026111132660642,1.002503403175604,-4653.461652198994,34.0
Adam,0.05,0.0005,0.24615610591948978,1.0018486976623535,1.0006277561187744,1.0052290444446166,1.0026111132660642,1.002503403175604,-4653.461652198994,34.0
Adam,0.05,0.001,0.2473026230221703,0.003266851184889674,0.0014465295244008303,0.0010584159834800182,0.03253330575702411,0.026604183004749114,-3.900730469744845,57.99999999999999
Adam,0.05,0.005,0.24778192762344603,0.0019647192675620317,0.002213535364717245,0.0015858127063757812,0.03982226395341909,0.03266916578612166,-6.342709077286953,66.0
Adam,0.05,0.01,0.2592980521065848,0.0014945411821827292,0.0021099653095006943,0.0022613074816092743,0.04755320684884747,0.04289331984238358,-9.47041867238938,35.0
Adam,0.05,0.05,0.2467355274018787,0.00047529058065265417,0.00029054871993139386,0.00023473667927547854,0.015321118734461871,0.011100134298809882,-0.08688947866193963,61.0
Adam,0.05,0.1,0.24725024662320577,0.0005365381366573274,0.00042276782914996147,0.00026232859257387564,0.016196561134199927,0.011987297717402059,-0.2146469316204771,66.0
AdamW,1e-05,0,0.24785012669033474,0.24937273561954498,0.2117813676595688,0.21256154669104865,0.4610439747909614,0.4416405920795913,-983.2130738992003,34.0
AdamW,1e-05,0.0001,0.2523600979456826,0.24937273561954498,0.2117813676595688,0.21256154669104865,0.4610439747909614,0.4416405920795913,-983.2130738992003,34.0
AdamW,1e-05,0.0005,0.24625934494866264,0.24937273561954498,0.2117813676595688,0.21256154669104865,0.4610439747909614,0.4416405920795913,-983.2130738992003,34.0
AdamW,1e-05,0.001,0.24694975217183432,0.24937273561954498,0.2117813676595688,0.21256154669104865,0.4610439747909614,0.4416405920795913,-983.2130738992003,34.0
AdamW,1e-05,0.005,0.25340420859200613,0.24937143921852112,0.2117803394794464,0.21256040542948557,0.46104273709655763,0.4416396571621115,-983.2077895729963,34.0
AdamW,1e-05,0.01,0.2564188071659633,0.24936598539352417,0.2117752879858017,0.2125555027292814,0.4610374200965486,0.44163402981309247,-983.185088846014,34.0
AdamW,1e-05,0.05,0.24695358957563127,0.24934659898281097,0.21175777912139893,0.21253755708368047,0.46101795744166024,0.44161504931001017,-983.1019960228061,34.0
AdamW,1e-05,0.1,0.24597296260652088,0.24932090938091278,0.2117348313331604,0.212514159202719,0.4609925804204651,0.44159034959225013,-982.9936579875297,34.0
AdamW,5e-05,0,0.24747842834109351,0.09174453467130661,0.06851273775100708,0.0613787715084208,0.24774739455425318,0.2243654079945582,-283.1990487877996,35.0
AdamW,5e-05,0.0001,0.2523241837819417,0.09174453467130661,0.06851273775100708,0.0613787715084208,0.24774739455425318,0.2243654079945582,-283.1990487877996,35.0
AdamW,5e-05,0.0005,0.2511377675192697,0.09174453467130661,0.06851273775100708,0.0613787715084208,0.24774739455425318,0.2243654079945582,-283.1990487877996,35.0
AdamW,5e-05,0.001,0.24531247502281553,0.09174461662769318,0.06851290911436081,0.06137892534267484,0.24774770501999577,0.22436600573601304,-283.1997610788344,35.0
AdamW,5e-05,0.005,0.24771756974477616,0.09174004197120667,0.06850921362638474,0.06137567370411104,0.24774114253411975,0.224359624611755,-283.18470517979756,35.0
AdamW,5e-05,0.01,0.2592245889088464,0.09173322468996048,0.0685037150979042,0.061370617059659356,0.24773093682392466,0.22434995385127243,-283.1612916524833,35.0
AdamW,5e-05,0.05,0.2453443966214619,0.09168694168329239,0.06846686452627182,0.06133721569030212,0.24766351303795664,0.22428676823394475,-283.0066349663645,35.0
AdamW,5e-05,0.1,0.24609091168358213,0.09162900596857071,0.06842068582773209,0.06129539909387018,0.24757907644603205,0.22420753577498823,-282.8130136761784,35.0
AdamW,0.0001,0,0.24560516599624876,0.010914642363786697,0.007986798882484436,0.008676300161879508,0.09314665942415491,0.07348368681107602,-39.17343769523467,54.0
AdamW,0.0001,0.0001,0.25075351245819577,0.010914642363786697,0.007986798882484436,0.008676300161879508,0.09314665942415491,0.07348368681107602,-39.17343769523467,54.0
AdamW,0.0001,0.0005,0.2475561944265214,0.010914809070527554,0.007986723445355892,0.008676026843177568,0.09314519227087122,0.0734826601396962,-39.17217216135059,54.0
AdamW,0.0001,0.001,0.24800310059199257,0.010914360173046589,0.007986566983163357,0.008676077017366345,0.09314546160369996,0.07348277666677674,-39.172404480381644,54.0
AdamW,0.0001,0.005,0.24951286921425472,0.010913766920566559,0.007985922507941723,0.008675314840121963,0.09314137018598106,0.07347968488071999,-39.168875409295055,54.0
AdamW,0.0001,0.01,0.24938989820934476,0.010913195088505745,0.007985040545463562,0.008674078956393277,0.09313473549859513,0.07347480180744967,-39.16315295882116,54.0
AdamW,0.0001,0.05,0.24519996794443283,0.010905919596552849,0.007977776229381561,0.008665902749134384,0.093090830639405,0.07344156000369181,-39.12529507622489,54.0
AdamW,0.0001,0.1,0.24606615399557447,0.010897401720285416,0.007968844845890999,0.008655499528742982,0.0930349371405333,0.07339945311031258,-39.07712556636168,54.0
AdamW,0.0005,0,0.2460439167325459,0.004102087579667568,0.004940600600093603,0.007193328098950109,0.08481349007646195,0.06834489777319114,-32.30690649387958,69.0
AdamW,0.0005,0.0001,0.24884775706699916,0.004102026578038931,0.004940523765981197,0.007193229549773168,0.08481290909863408,0.06834446752078813,-32.30645018656588,69.0
AdamW,0.0005,0.0005,0.24530799048287527,0.004101963713765144,0.004940466023981571,0.007193132472430751,0.08481233679383414,0.0683439504504947,-32.306000694213786,69.0
AdamW,0.0005,0.001,0.24540577237568204,0.004101825412362814,0.004940313287079334,0.007192924977085141,0.08481111352343595,0.06834301006615143,-32.305039938916785,69.0
AdamW,0.0005,0.005,0.2488706452505929,0.00410068454220891,0.004939069971442223,0.007191161802127839,0.0848007181698825,0.06833468813084047,-32.29687599830023,69.0
AdamW,0.0005,0.01,0.25497996239435106,0.004099277313798666,0.004937519319355488,0.007188972220961701,0.08478780703003057,0.0683243469275346,-32.28673769039072,69.0
AdamW,0.0005,0.05,0.24631951347229972,0.0040880730375647545,0.004925218876451254,0.007171541917743451,0.0846849568562413,0.0682419602580064,-32.206031031183144,69.0
AdamW,0.0005,0.1,0.24594943485562765,0.004074055701494217,0.004909812472760677,0.007149678881701478,0.08455577379281369,0.06813838110551453,-32.10479971139549,69.0
AdamW,0.001,0,0.2457652659643264,0.0020156262908130884,0.0025114358868449926,0.003642489966473648,0.060353044384468695,0.050892333690268535,-15.865638693157827,68.0
AdamW,0.001,0.0001,0.2508850135500469,0.0020156162790954113,0.0025114351883530617,0.003642492278328419,0.06035306353722584,0.05089240970481708,-15.865649397623077,68.0
AdamW,0.001,0.0005,0.24557446298145114,0.002015595557168126,0.002511444967240095,0.0036425445121673855,0.060353496271279804,0.05089297867306097,-15.865891253349151,68.0
AdamW,0.001,0.001,0.24559354025220115,0.002015569480136037,0.0025114689487963915,0.0036426242374460434,0.060354156753665636,0.05089384912439211,-15.866260401310281,68.0
AdamW,0.001,0.005,0.2459913662501744,0.002015321981161833,0.0025115516036748886,0.003643100122254612,0.06035809906097617,0.05089939311072751,-15.868463866883214,68.0
AdamW,0.001,0.01,0.25836171044243705,0.0020150193013250828,0.0025116747710853815,0.003643710510350488,0.060363155238526825,0.050906437067739285,-15.871290116284698,68.0
AdamW,0.001,0.05,0.2509002307104686,0.002012550598010421,0.0025124677922576666,0.0036482243404612337,0.06040053261736385,0.05095927383909522,-15.892190277567455,68.0
AdamW,0.001,0.1,0.24614103635152182,0.0020093496423214674,0.0025131036527454853,0.003653050443554599,0.060440470245975084,0.05102077593461887,-15.914536340787347,68.0
AdamW,0.005,0,0.2450459079136924,0.0006163211655803025,0.0005029553431086242,0.00043466009363836325,0.0208485033908519,0.01610928548505501,-1.0125848419936387,70.0
AdamW,0.005,0.0001,0.24725241131252712,0.0006163101643323898,0.0005028594750910997,0.00043468247457265215,0.020849040135523078,0.016109378621678046,-1.012688471311717,70.0
AdamW,0.005,0.0005,0.24771782708546472,0.0006162626086734235,0.0005024606944061816,0.00043477875284449484,0.020851348945439833,0.01610982928052283,-1.0131342637673852,70.0
AdamW,0.005,0.001,0.24547109528193398,0.0006162070203572512,0.0005019675008952618,0.0004349007190226705,0.020854273399537816,0.016110404239499186,-1.013698997648008,70.0
AdamW,0.005,0.005,0.24574139383104113,0.0006158592877909541,0.0004981074598617852,0.000435977773404893,0.020880080780612247,0.016115953712197664,-1.018686028561104,69.0
AdamW,0.005,0.01,0.2520661202688066,0.0006156679592095315,0.0004934495082125068,0.00043757999364760414,0.020918412789874954,0.016128171806727147,-1.0261047086313724,69.0
AdamW,0.005,0.05,0.2495389703720335,0.000623571511823684,0.0004652866336982697,0.0004606995097340196,0.021463911799437203,0.016376718861379737,-1.1331538449812593,71.0
AdamW,0.005,0.1,0.2462232302105616,0.0006527946679852903,0.00045823235996067524,0.0005142135360242696,0.02267627694363141,0.017247738800097022,-1.3809371582462995,72.0
AdamW,0.01,0,0.24535904990302193,0.0004930470604449511,0.0003874314425047487,0.0003429585414160126,0.018519139867067602,0.013932908890565714,-0.5879837417519811,70.0
AdamW,0.01,0.0001,0.2471156120300293,0.0004931900766678154,0.0003875954425893724,0.0003432918095936959,0.018528135621095176,0.013943372484209803,-0.5895268566883212,70.0
AdamW,0.01,0.0005,0.24881087030683244,0.0004937543999403715,0.00038824844523333013,0.000344613404104287,0.018563765892304476,0.013984602483542958,-0.5956461694989665,70.0
AdamW,0.01,0.001,0.24519525633917916,0.0004944524844177067,0.0003890704829245806,0.00034627473892002726,0.018608458800234567,0.01403580223981463,-0.6033385648133087,70.0
AdamW,0.01,0.005,0.24916568635002015,0.0004998182994313538,0.0003959726891480386,0.0003600186937228369,0.01897415857746627,0.01445196086640897,-0.6669765097501037,68.0
AdamW,0.01,0.01,0.25000877607436406,0.000505813688505441,0.0004052110598422587,0.00037798949263788905,0.01944195187315021,0.014982428535884338,-0.7501857990874432,66.0
AdamW,0.01,0.05,0.24851063319614955,0.0005164667381905019,0.00046726607251912355,0.000498851374095331,0.02233498095130889,0.0178700367254874,-1.309806509974372,63.0
AdamW,0.01,0.1,0.2510431872473823,0.000489985104650259,0.0004393812268972397,0.0004859512363766787,0.022044301675868044,0.016750909210818524,-1.2500756489816647,66.0
AdamW,0.05,0,0.24718071165538968,0.0005761360516771674,0.003034795168787241,0.0027226500564202388,0.052179019312557404,0.050086276110280076,-11.606550069359463,66.0
AdamW,0.05,0.0001,0.24721862020946683,0.9990040063858032,0.9999692440032959,0.9952154317422013,0.9976048474933356,0.9974965968243963,-4607.096123287008,66.0
AdamW,0.05,0.0005,0.2478510198139009,0.0018130596727132797,0.002201261231675744,0.0019231507506598234,0.04385374272122989,0.0411983419843202,-7.904668512925191,66.0
AdamW,0.05,0.001,0.2471305112990122,1.0018479824066162,1.0006269216537476,1.005228207890761,1.0026106960783736,1.0025029859430905,-4653.457778745613,34.0
AdamW,0.05,0.005,0.24823582361614893,0.9913478493690491,0.9571120738983154,1.0021266712068175,1.0010627708624558,1.0008940137256614,-4639.096888918479,33.0
AdamW,0.05,0.01,0.2544264074355837,1.0018486976623535,1.0006277561187744,1.0052290444446166,1.0026111132660642,1.002503403175604,-4653.461652198994,34.0
AdamW,0.05,0.05,0.2487799402267214,0.0011633285321295261,0.002643610117956996,0.002793573218096386,0.05285426395378509,0.051013159375032,-11.93494202947908,34.0
AdamW,0.05,0.1,0.24900074989076645,0.0004546719719655812,0.00043515354627743363,0.00027650766654484,0.016628519673886788,0.012595859564017908,-0.2802995870289855,66.0
Lion,1e-05,0,0.2474545751299177,0.2493443787097931,0.2117520421743393,0.21259068898040098,0.46107557838211405,0.44161902002243353,-983.3480099806807,34.0
Lion,1e-05,0.0001,0.24939376967293875,0.2493443787097931,0.2117520421743393,0.21259068898040098,0.46107557838211405,0.44161902002243353,-983.3480099806807,34.0
Lion,1e-05,0.0005,0.24854748211209737,0.2493443787097931,0.2117520421743393,0.21259068898040098,0.46107557838211405,0.44161902002243353,-983.3480099806807,34.0
Lion,1e-05,0.001,0.24647733900282118,0.2493443787097931,0.2117520421743393,0.21259068898040098,0.46107557838211405,0.44161902002243353,-983.3480099806807,34.0
Lion,1e-05,0.005,0.24932059409126403,0.24934306740760803,0.21175096929073334,0.21258949054214704,0.4610742787687761,0.4416180292255993,-983.3424609121113,34.0
Lion,1e-05,0.01,0.2545523529960996,0.2493375539779663,0.21174590289592743,0.21258457971736988,0.46106895332191894,0.4416123690195198,-983.319722566326,34.0
Lion,1e-05,0.05,0.2488090121556842,0.2493179589509964,0.21172824501991272,0.21256648274223683,0.46104932788394437,0.4415932064428742,-983.2359290495717,34.0
Lion,1e-05,0.1,0.24714696974981398,0.24929200112819672,0.2117050141096115,0.21254281839812858,0.4610236635988749,0.4415681841149743,-983.1263572233447,34.0
Lion,5e-05,0,0.24875752131144205,0.08719271421432495,0.06437413394451141,0.05727992390522875,0.23933224585339258,0.21564122588846935,-264.22036020662597,35.0
Lion,5e-05,0.0001,0.24946228284684438,0.08719271421432495,0.06437413394451141,0.05727992390522875,0.23933224585339258,0.21564122588846935,-264.22036020662597,35.0
Lion,5e-05,0.0005,0.24806203539409336,0.08719271421432495,0.06437413394451141,0.05727992390522875,0.23933224585339258,0.21564122588846935,-264.22036020662597,35.0
Lion,5e-05,0.001,0.2458530834742955,0.08719266951084137,0.06437419354915619,0.057279951557375114,0.2393323036227561,0.21564159709502115,-264.2204882429731,35.0
Lion,5e-05,0.005,0.2472344958592975,0.08718758821487427,0.06437009572982788,0.05727628962267208,0.23932465318615231,0.2156340589701022,-264.203532570291,35.0
Lion,5e-05,0.01,0.2553030649820964,0.08717994391918182,0.06436388194561005,0.057270569938862224,0.23931270325426152,0.21562258112717522,-264.1770490050749,35.0
Lion,5e-05,0.05,0.24823451420617482,0.08712755888700485,0.06432199478149414,0.057232257207603256,0.23923264243744677,0.21554638146896019,-263.9996514861498,35.0
Lion,5e-05,0.1,0.2462324377090212,0.08706222474575043,0.06426967680454254,0.05718445699652829,0.23913271837314168,0.21545119264636292,-263.77832456504166,35.0
Lion,0.0001,0,0.2466241783565945,0.011352665722370148,0.014955772086977959,0.02242599631770847,0.14975311788977375,0.1267448615330362,-102.83796653110018,69.0
Lion,0.0001,0.0001,0.2524925110832093,0.011352665722370148,0.014955772086977959,0.02242599631770847,0.14975311788977375,0.1267448615330362,-102.83796653110018,69.0
Lion,0.0001,0.0005,0.2482826898968409,0.011352265253663063,0.014955046586692333,0.022424913485553758,0.14974950245511254,0.12674146589367624,-102.83295274765676,69.0
Lion,0.0001,0.001,0.24695251858423625,0.01135256327688694,0.014955821447074413,0.022426050378314754,0.1497532983887659,0.12674536210960682,-102.83821684521538,69.0
Lion,0.0001,0.005,0.24620409995790513,0.011352263391017914,0.01495559886097908,0.022425676891237544,0.14975205137572423,0.12674502067976606,-102.83648750672474,69.0
Lion,0.0001,0.01,0.25255216870989117,0.011351384222507477,0.01495449896901846,0.02242394529013743,0.14974626970358035,0.1267405702896507,-102.82846976095632,69.0
Lion,0.0001,0.05,0.24608780845763192,0.011348222382366657,0.014953216537833214,0.022421499022178035,0.14973810143773705,0.12674253524524134,-102.81714292905575,69.0
Lion,0.0001,0.1,0.24651433551122273,0.011343639343976974,0.014950419776141644,0.022416677687753694,0.14972200134834457,0.12673905041079012,-102.79481894596498,69.0
Lion,0.0005,0,0.24494424698844788,0.0024098579306155443,0.0023337905295193195,0.002117067461548933,0.046011601379966474,0.0392724414686394,-8.802551338279278,57.99999999999999
Lion,0.0005,0.0001,0.24920381818498885,0.002409830689430237,0.002333754440769553,0.002117035052734748,0.04601124919772064,0.039272160488618646,-8.802401277371617,57.99999999999999
Lion,0.0005,0.0005,0.24764734979659792,0.0024098095018416643,0.0023337695747613907,0.002117025639923374,0.04601114690945417,0.039272104367120295,-8.802357693702977,57.99999999999999
Lion,0.0005,0.001,0.24440001306079684,0.0024097333662211895,0.0023336312733590603,0.002116911110579841,0.04600990231004453,0.03927098334345046,-8.801827394224988,57.99999999999999
Lion,0.0005,0.005,0.24524211505102733,0.0024053319357335567,0.002328095957636833,0.0021131069987485713,0.04596854357871882,0.039228973005521216,-8.784213405913396,57.99999999999999
Lion,0.0005,0.01,0.25426738981216673,0.0024046855978667736,0.002327452413737774,0.00211193200206016,0.04595576135872585,0.03921826935125991,-8.77877287764982,57.99999999999999
Lion,0.0005,0.05,0.24537314687456405,0.0024011610075831413,0.002322901040315628,0.0021043772841671075,0.04587349217322688,0.0391438344189386,-8.743792646108835,57.99999999999999
Lion,0.0005,0.1,0.245349093089028,0.002392688300460577,0.0023246740456670523,0.002106261666864079,0.045894026483455114,0.03919225388919712,-8.752517808846216,57.99999999999999
Lion,0.001,0,0.2451785821763296,0.002730670850723982,0.002417405368760228,0.0038234467349205427,0.06183402570527446,0.0523179429000103,-16.70351374670571,67.0
Lion,0.001,0.0001,0.24888425024728927,0.0027305930852890015,0.0024174400605261326,0.003823422433588391,0.061833829200433565,0.05231756898330982,-16.70340122546568,67.0
Lion,0.001,0.0005,0.2459579346671937,0.0026982780545949936,0.0024441261775791645,0.0038146829418833576,0.0617631195931954,0.05220557069336987,-16.662935195135983,66.0
Lion,0.001,0.001,0.2481177874973842,0.002698339754715562,0.0024445857852697372,0.00381482775394553,0.061764291900300534,0.052205800599660644,-16.663605711168007,66.0
Lion,0.001,0.005,0.24643562332032218,0.002697528572753072,0.0024423920549452305,0.0038117236006880366,0.061739157758168656,0.05218352125714059,-16.649232705951533,66.0
Lion,0.001,0.01,0.2564172139243474,0.0027367142029106617,0.0024038772098720074,0.00380593142171413,0.061692231453515524,0.05216356819077386,-16.622413470011512,67.0
Lion,0.001,0.05,0.24607976277669272,0.0027319553773850203,0.002387693151831627,0.003814819718919201,0.06176422685437907,0.05206300863810807,-16.663568506988394,67.0
Lion,0.001,0.1,0.24522576256403847,0.0026498823426663876,0.0023006638512015343,0.003587926770431735,0.059899305258339475,0.050372495710509745,-15.612997461786705,66.0
Lion,0.005,0,0.24512741679237002,0.013406718149781227,0.018196117132902145,0.020526115680219184,0.14326938151684465,0.1326097730435615,-94.04104445665403,66.0
Lion,0.005,0.0001,0.24820016679309664,0.013816604390740395,0.017751026898622513,0.02107138760715317,0.14515986913452755,0.13523944645004324,-96.56578972536747,66.0
Lion,0.005,0.0005,0.245242126404293,0.013872728683054447,0.01771814562380314,0.021698145384612816,0.14730290351725187,0.1373891366534119,-99.46783484287116,66.0
Lion,0.005,0.001,0.24817725968739343,0.01420731283724308,0.01747216284275055,0.02170110854257374,0.14731296121717782,0.13684201690183928,-99.48155500463403,66.0
Lion,0.005,0.005,0.2450360684167771,0.01410615537315607,0.015893295407295227,0.02095064989637558,0.14474339327366753,0.1363032388575559,-96.00674395575477,66.0
Lion,0.005,0.01,0.25151937348502024,0.013212102465331554,0.017327843233942986,0.02059384595992144,0.1435055607282221,0.13383850998060753,-94.35465257542963,66.0
Lion,0.005,0.05,0.24599453759571863,0.0130546186119318,0.0164317823946476,0.01964751427282436,0.14016959111313823,0.1299628506489282,-89.97290040442297,66.0
Lion,0.005,0.1,0.24519040849473742,0.012647883966565132,0.015051677823066711,0.017861131275411522,0.13364554341769697,0.12329783321173839,-81.70150076316794,66.0
Lion,0.01,0,0.24480344378758992,0.032377853989601135,0.019169239327311516,0.026869636589903885,0.16391960404388453,0.15654891654102154,-123.41313132304842,34.0
Lion,0.01,0.0001,0.2486307318248446,0.04948000609874725,0.012682618573307991,0.014380901258569985,0.1199203955070612,0.10993194050803055,-65.58716618067442,35.0
Lion,0.01,0.0005,0.24607635301256936,0.04559887945652008,0.02753964066505432,0.038907523871077106,0.19724990208128648,0.18462921621114284,-179.15155733984838,34.0
Lion,0.01,0.001,0.24482991203429208,0.034707777202129364,0.024748753756284714,0.033059008542303835,0.18182136437257265,0.1713870209847247,-152.07147000003914,34.0
Lion,0.01,0.005,0.2485087826138451,0.03008153662085533,0.023592539131641388,0.03366480452077366,0.18347971146907133,0.17807157268000787,-154.8764567504986,34.0
Lion,0.01,0.01,0.25373391878037227,0.03010939247906208,0.024152174592018127,0.02912482860716833,0.17065997951238696,0.16261776943908415,-133.85523386745115,32.0
Lion,0.01,0.05,0.24858839171273367,0.024351585656404495,0.024533674120903015,0.02930907708610726,0.17119894008464906,0.1642248891033048,-134.70835036307633,34.0
Lion,0.01,0.1,0.24717267732771617,0.03759192302823067,0.01577645353972912,0.017854646639854966,0.13362128063993012,0.12665255493668862,-81.67147528022623,34.0
Lion,0.05,0,0.24510130049690368,0.1863802671432495,0.15168488025665283,0.15342781548967058,0.3916986283990162,0.39142284606767846,-709.4091227008705,34.0
Lion,0.05,0.0001,0.24683371422782777,0.06581033766269684,0.09106722474098206,0.09239943999255436,0.30397276192539746,0.3036173066980952,-426.83249499880634,34.0
Lion,0.05,0.0005,0.2505496342976888,0.001830012770369649,0.00044160414836369455,0.0004205307674228359,0.020506846842526422,0.017963360964358698,-0.9471625311232676,34.0
Lion,0.05,0.001,0.24653261048453196,0.004480356816202402,0.013006369583308697,0.013456635512977266,0.11600273924773184,0.11506808613611408,-61.30758483244624,34.0
Lion,0.05,0.005,0.24603695339626735,0.12544383108615875,0.09542512893676758,0.09679078610984741,0.3111121760874161,0.31076488708330335,-447.1655247868245,34.0
Lion,0.05,0.01,0.2542049317132859,0.029928645119071007,0.015235556289553642,0.015730203016859245,0.12542010611085946,0.12455613975597568,-71.83477047136803,34.0
Lion,0.05,0.05,0.252860841296968,0.40831899642944336,0.3693661391735077,0.3664474255310022,0.6053490113405672,0.6051705994717961,-1695.7431443680966,66.0
Lion,0.05,0.1,0.24483913088601733,0.007219499908387661,0.017432602122426033,0.017967850170041155,0.13404420975947134,0.1332361779101009,-82.19563591113625,34.0
